{
  "timestamp": 1752457576.6615205,
  "checkpoint_id": "checkpoint_1752457576560",
  "model_state_hash": "63d1951f20580aa051026057764b5212757afde896d79aba65e01c62f2f2a209",
  "system_metrics": {
    "cpu_percent": 28.0,
    "memory_percent": 78.2,
    "timestamp": 1752457576.6615086
  },
  "safety_scores": {
    "overall_safety": 0.8,
    "resource_safety": 0.9,
    "performance_safety": 0.85,
    "operational_safety": 0.75
  },
  "operation_context": {
    "operation_name": "learning_learn_1752457576560",
    "safety_level": "medium",
    "timestamp": 1752457576.6615179,
    "circuit_state": "closed",
    "failure_count": 0
  },
  "checkpoint_size_mb": 0.0
}